,dt,totq,nota,nota_rate,a_rate
0,2020-11-01,4106,502,12.226,87.774
1,2020-11-02,6338,905,14.279,85.721
2,2020-11-03,6804,872,12.816,87.184
3,2020-11-04,6674,901,13.5,86.5
4,2020-11-05,6866,938,13.662,86.338
5,2020-11-06,6070,769,12.669,87.331
6,2020-11-07,3935,483,12.274,87.726
7,2020-11-08,4108,557,13.559,86.441
8,2020-11-09,6325,930,14.704,85.29599999999999
9,2020-11-10,6772,983,14.516,85.484
10,2020-11-11,6901,991,14.36,85.64
11,2020-11-12,6916,923,13.346,86.654
12,2020-11-13,6214,789,12.697,87.303
13,2020-11-14,4069,543,13.345,86.655
14,2020-11-15,4363,594,13.614,86.386
15,2020-11-16,6473,910,14.058,85.94200000000001
16,2020-11-17,7004,986,14.078,85.922
17,2020-11-18,7214,1020,14.139,85.861
18,2020-11-19,7319,1001,13.677,86.32300000000001
19,2020-11-20,6724,956,14.218,85.782
20,2020-11-21,4145,512,12.352,87.648
21,2020-11-22,4470,586,13.11,86.89
22,2020-11-23,7068,964,13.639,86.361
23,2020-11-24,7158,1028,14.362,85.638
24,2020-11-25,7033,1006,14.304,85.696
25,2020-11-26,6205,920,14.827,85.173
26,2020-11-27,5708,812,14.226,85.774
27,2020-11-28,4053,537,13.249,86.751
28,2020-11-29,4225,617,14.604,85.396
29,2020-11-30,6308,1014,16.075,83.925
30,2020-12-01,6960,954,13.707,86.293
31,2020-12-02,6979,1071,15.346,84.654
32,2020-12-03,7322,1131,15.447,84.553
33,2020-12-04,6571,946,14.397,85.603
34,2020-12-05,4343,569,13.102,86.898
35,2020-12-06,4380,589,13.447,86.553
36,2020-12-07,6590,957,14.522,85.478
37,2020-12-08,7048,1003,14.231,85.769
38,2020-12-09,7102,1025,14.433,85.56700000000001
39,2020-12-10,6845,1012,14.785,85.215
40,2020-12-11,6339,868,13.693,86.307
41,2020-12-12,4246,559,13.165,86.83500000000001
42,2020-12-13,4381,583,13.307,86.693
43,2020-12-14,6598,936,14.186,85.814
44,2020-12-15,6965,1020,14.645,85.355
45,2020-12-16,6971,981,14.073,85.92699999999999
46,2020-12-17,7120,1025,14.396,85.604
47,2020-12-18,6091,851,13.971,86.029
48,2020-12-19,4107,546,13.294,86.706
49,2020-12-20,4077,536,13.147,86.853
50,2020-12-21,6263,829,13.236,86.764
51,2020-12-22,6463,935,14.467,85.533
52,2020-12-23,6065,791,13.042,86.958
53,2020-12-24,4646,583,12.548,87.452
54,2020-12-25,3240,393,12.13,87.87
55,2020-12-26,3534,451,12.762,87.238
56,2020-12-27,3883,496,12.774,87.226
57,2020-12-28,5552,696,12.536,87.464
58,2020-12-29,5829,801,13.742,86.258
59,2020-12-30,5745,728,12.672,87.328
60,2020-12-31,4569,641,14.029,85.971
61,2021-01-01,3254,439,13.491,86.509
62,2021-01-02,4253,522,12.274,87.726
63,2021-01-03,4378,570,13.02,86.98
64,2021-01-04,6065,829,13.669,86.331
65,2021-01-05,6833,964,14.108,85.892
66,2021-01-06,6861,1039,15.144,84.856
67,2021-01-07,6714,945,14.075,85.925
68,2021-01-08,6797,990,14.565,85.435
69,2021-01-09,4398,564,12.824,87.176
70,2021-01-10,4439,600,13.517,86.483
71,2021-01-11,6497,876,13.483,86.517
72,2021-01-12,7213,932,12.921,87.07900000000001
73,2021-01-13,7121,993,13.945,86.055
74,2021-01-14,6850,896,13.08,86.92
75,2021-01-15,6540,839,12.829,87.17099999999999
76,2021-01-16,4324,557,12.882,87.118
77,2021-01-17,4372,595,13.609,86.391
78,2021-01-18,6544,963,14.716,85.284
79,2021-01-19,6882,971,14.109,85.891
80,2021-01-20,7247,1057,14.585,85.41499999999999
81,2021-01-21,7290,1055,14.472,85.528
82,2021-01-22,6836,982,14.365,85.635
83,2021-01-23,4645,568,12.228,87.772
84,2021-01-24,4612,637,13.812,86.188
85,2021-01-25,6712,971,14.467,85.533
86,2021-01-26,6878,1016,14.772,85.228
87,2021-01-27,7309,1052,14.393,85.607
88,2021-01-28,7175,1066,14.857,85.143
89,2021-01-29,6422,935,14.559,85.441
90,2021-01-30,4371,573,13.109,86.891
91,2021-01-31,4335,558,12.872,87.128
92,2021-02-01,6467,951,14.705,85.295
93,2021-02-02,6957,1067,15.337,84.663
94,2021-02-03,7252,1077,14.851,85.149
95,2021-02-04,7174,1052,14.664,85.336
96,2021-02-05,6600,903,13.682,86.318
97,2021-02-06,4325,597,13.803,86.197
98,2021-02-07,4388,585,13.332,86.668
99,2021-02-08,6546,965,14.742,85.258
100,2021-02-09,7234,1008,13.934,86.066
101,2021-02-10,7146,1044,14.61,85.39
102,2021-02-11,7221,1072,14.846,85.154
103,2021-02-12,6405,912,14.239,85.761
104,2021-02-13,4145,521,12.569,87.431
105,2021-02-14,4017,489,12.173,87.827
106,2021-02-15,6260,931,14.872,85.128
107,2021-02-16,6751,1037,15.361,84.639
108,2021-02-17,7029,1025,14.582,85.418
109,2021-02-18,7413,1034,13.948,86.05199999999999
110,2021-02-19,6666,900,13.501,86.499
111,2021-02-20,4451,577,12.963,87.037
112,2021-02-21,4241,585,13.794,86.206
113,2021-02-22,6575,1035,15.741,84.259
114,2021-02-23,6858,1029,15.004,84.996
115,2021-02-24,7183,1093,15.216,84.784
116,2021-02-25,7034,1090,15.496,84.504
117,2021-02-26,6420,942,14.673,85.327
118,2021-02-27,4029,569,14.123,85.877
119,2021-02-28,4195,588,14.017,85.983
120,2021-03-01,6686,977,14.613,85.387
121,2021-03-02,6941,1051,15.142,84.858
122,2021-03-03,7155,1152,16.101,83.899
123,2021-03-04,7343,1126,15.334,84.666
124,2021-03-05,6582,1043,15.846,84.154
125,2021-03-06,4356,604,13.866,86.134
126,2021-03-07,4188,636,15.186,84.814
127,2021-03-08,6495,1026,15.797,84.203
128,2021-03-09,6952,1082,15.564,84.436
129,2021-03-10,7308,1147,15.695,84.305
130,2021-03-11,7245,1173,16.19,83.81
131,2021-03-12,6822,1011,14.82,85.18
132,2021-03-13,4339,591,13.621,86.379
133,2021-03-14,4355,600,13.777,86.223
134,2021-03-15,6670,999,14.978,85.022
135,2021-03-16,7128,1116,15.657,84.343
136,2021-03-17,7198,1065,14.796,85.20400000000001
137,2021-03-18,7050,1133,16.071,83.929
138,2021-03-19,6476,1029,15.889,84.111
139,2021-03-20,4166,576,13.826,86.174
140,2021-03-21,4380,627,14.315,85.685
141,2021-03-22,6689,998,14.92,85.08
142,2021-03-23,6895,1071,15.533,84.467
143,2021-03-24,7246,1105,15.25,84.75
144,2021-03-25,7110,1085,15.26,84.74
145,2021-03-26,6590,951,14.431,85.569
146,2021-03-27,4018,556,13.838,86.162
147,2021-03-28,3890,538,13.83,86.17
148,2021-03-29,6328,989,15.629,84.371
149,2021-03-30,6478,1001,15.452,84.548
150,2021-03-31,6835,1044,15.274,84.726
151,2021-04-01,6290,912,14.499,85.501
152,2021-04-02,5461,770,14.1,85.9
153,2021-04-03,4033,555,13.761,86.239
154,2021-04-04,3910,537,13.734,86.266
155,2021-04-05,5497,865,15.736,84.264
156,2021-04-06,6691,996,14.886,85.114
157,2021-04-07,7024,1062,15.12,84.88
158,2021-04-08,6895,1020,14.793,85.207
159,2021-04-09,6498,945,14.543,85.457
160,2021-04-10,4124,595,14.428,85.572
161,2021-04-11,4317,576,13.343,86.657
162,2021-04-12,6262,1006,16.065,83.935
163,2021-04-13,6632,1057,15.938,84.062
164,2021-04-14,6549,1016,15.514,84.486
165,2021-04-15,6737,1068,15.853,84.147
166,2021-04-16,6501,1023,15.736,84.264
167,2021-04-17,4113,625,15.196,84.804
168,2021-04-18,4024,582,14.463,85.537
169,2021-04-19,6207,990,15.95,84.05
170,2021-04-20,6615,1054,15.933,84.06700000000001
171,2021-04-21,7002,1139,16.267,83.733
172,2021-04-22,6935,1039,14.982,85.018
173,2021-04-23,6269,895,14.277,85.723
174,2021-04-24,3980,603,15.151,84.849
175,2021-04-25,4216,617,14.635,85.365
176,2021-04-26,6223,1015,16.31,83.69
177,2021-04-27,6693,1047,15.643,84.357
178,2021-04-28,6836,1021,14.936,85.064
179,2021-04-29,6907,1098,15.897,84.103
180,2021-04-30,5999,926,15.436,84.564
181,2021-05-01,3935,602,15.299,84.701
182,2021-05-02,3977,559,14.056,85.944
183,2021-05-03,5793,889,15.346,84.654
184,2021-05-04,6445,981,15.221,84.779
185,2021-05-05,6580,1032,15.684,84.316
186,2021-05-06,6994,1101,15.742,84.258
187,2021-05-07,6005,943,15.704,84.29599999999999
188,2021-05-08,3971,566,14.253,85.747
189,2021-05-09,3952,563,14.246,85.754
190,2021-05-10,6211,973,15.666,84.334
191,2021-05-11,6693,1013,15.135,84.865
192,2021-05-12,6703,947,14.128,85.872
193,2021-05-13,5972,933,15.623,84.377
194,2021-05-14,5786,858,14.829,85.17099999999999
195,2021-05-15,3973,558,14.045,85.955
196,2021-05-16,4035,596,14.771,85.229
197,2021-05-17,6279,968,15.416,84.584
198,2021-05-18,6840,1056,15.439,84.561
199,2021-05-19,6732,1023,15.196,84.804
200,2021-05-20,6822,1100,16.124,83.876
201,2021-05-21,6378,876,13.735,86.265
202,2021-05-22,4021,511,12.708,87.292
203,2021-05-23,4011,601,14.984,85.016
204,2021-05-24,5733,858,14.966,85.034
205,2021-05-25,6781,1003,14.791,85.209
206,2021-05-26,6840,996,14.561,85.439
207,2021-05-27,6837,984,14.392,85.608
208,2021-05-28,5979,876,14.651,85.349
209,2021-05-29,3945,500,12.674,87.326
210,2021-05-30,3881,568,14.635,85.365
211,2021-05-31,5692,861,15.126,84.874
212,2021-06-01,6400,951,14.859,85.141
213,2021-06-02,6708,1012,15.086,84.914
214,2021-06-03,6323,937,14.819,85.181
215,2021-06-04,6017,856,14.226,85.774
216,2021-06-05,3760,510,13.564,86.436
217,2021-06-06,3752,518,13.806,86.194
218,2021-06-07,6046,936,15.481,84.519
219,2021-06-08,6449,972,15.072,84.928
220,2021-06-09,6890,1071,15.544,84.456
221,2021-06-10,6698,1013,15.124,84.876
222,2021-06-11,5818,883,15.177,84.82300000000001
223,2021-06-12,3566,463,12.984,87.016
224,2021-06-13,3738,513,13.724,86.276
225,2021-06-14,5907,953,16.133,83.867
226,2021-06-15,6437,998,15.504,84.496
227,2021-06-16,6729,1046,15.545,84.455
228,2021-06-17,6569,1043,15.878,84.122
229,2021-06-18,5977,911,15.242,84.758
230,2021-06-19,3528,504,14.286,85.714
231,2021-06-20,3613,478,13.23,86.77
232,2021-06-21,5893,876,14.865,85.135
233,2021-06-22,6372,996,15.631,84.369
234,2021-06-23,6405,1038,16.206,83.794
235,2021-06-24,6387,1042,16.314,83.686
236,2021-06-25,5615,827,14.728,85.272
237,2021-06-26,3487,550,15.773,84.227
238,2021-06-27,3607,469,13.002,86.998
239,2021-06-28,6031,872,14.459,85.541
240,2021-06-29,6334,1051,16.593,83.407
241,2021-06-30,6412,1014,15.814,84.186
242,2021-07-01,6187,941,15.209,84.791
243,2021-07-02,5719,892,15.597,84.403
244,2021-07-03,3285,454,13.82,86.18
245,2021-07-04,3488,508,14.564,85.436
246,2021-07-05,5314,856,16.108,83.892
247,2021-07-06,6120,958,15.654,84.346
248,2021-07-07,6031,966,16.017,83.983
249,2021-07-08,6132,1031,16.813,83.187
250,2021-07-09,5501,875,15.906,84.094
251,2021-07-10,3431,504,14.69,85.31
252,2021-07-11,3215,520,16.174,83.826
253,2021-07-12,5756,957,16.626,83.374
254,2021-07-13,6233,987,15.835,84.16499999999999
255,2021-07-14,6277,988,15.74,84.26
256,2021-07-15,6376,1011,15.856,84.144
257,2021-07-16,5748,869,15.118,84.882
258,2021-07-17,3326,470,14.131,85.869
259,2021-07-18,3454,551,15.953,84.047
260,2021-07-19,5788,860,14.858,85.142
261,2021-07-20,5800,942,16.241,83.759
262,2021-07-21,6267,882,14.074,85.926
263,2021-07-22,5987,888,14.832,85.168
264,2021-07-23,5317,837,15.742,84.258
265,2021-07-24,3286,448,13.634,86.366
266,2021-07-25,3464,473,13.655,86.345
267,2021-07-26,5637,863,15.31,84.69
268,2021-07-27,6132,964,15.721,84.279
269,2021-07-28,6280,988,15.732,84.268
270,2021-07-29,6087,969,15.919,84.081
271,2021-07-30,5768,831,14.407,85.593
272,2021-07-31,3226,416,12.895,87.105
273,2021-08-01,3461,527,15.227,84.773
274,2021-08-02,5439,879,16.161,83.839
275,2021-08-03,6138,923,15.037,84.963
276,2021-08-04,5947,907,15.251,84.749
277,2021-08-05,6228,943,15.141,84.859
278,2021-08-06,5485,857,15.624,84.376
279,2021-08-07,3340,455,13.623,86.377
280,2021-08-08,3323,451,13.572,86.428
281,2021-08-09,5699,821,14.406,85.594
282,2021-08-10,5957,881,14.789,85.211
283,2021-08-11,6172,975,15.797,84.203
284,2021-08-12,6127,928,15.146,84.854
285,2021-08-13,5576,774,13.881,86.119
286,2021-08-14,3248,436,13.424,86.576
287,2021-08-15,3318,482,14.527,85.473
288,2021-08-16,5545,807,14.554,85.446
289,2021-08-17,5919,939,15.864,84.136
290,2021-08-18,6119,926,15.133,84.867
291,2021-08-19,6023,905,15.026,84.974
292,2021-08-20,5526,788,14.26,85.74
293,2021-08-21,3267,431,13.193,86.807
294,2021-08-22,3457,470,13.596,86.404
295,2021-08-23,5833,894,15.327,84.673
296,2021-08-24,5891,881,14.955,85.045
297,2021-08-25,6315,966,15.297,84.703
298,2021-08-26,6229,921,14.786,85.214
299,2021-08-27,5519,811,14.695,85.305
300,2021-08-28,3426,507,14.799,85.201
301,2021-08-29,3625,496,13.683,86.31700000000001
302,2021-08-30,5410,830,15.342,84.658
303,2021-08-31,6091,890,14.612,85.388
304,2021-09-01,6234,933,14.966,85.034
305,2021-09-02,6432,936,14.552,85.44800000000001
306,2021-09-03,5392,810,15.022,84.978
307,2021-09-04,3195,417,13.052,86.94800000000001
308,2021-09-05,3223,436,13.528,86.472
309,2021-09-06,5292,834,15.76,84.24
310,2021-09-07,5703,851,14.922,85.078
311,2021-09-08,6196,885,14.283,85.717
312,2021-09-09,5920,926,15.642,84.358
313,2021-09-10,5203,822,15.799,84.201
314,2021-09-11,3269,457,13.98,86.02
315,2021-09-12,3392,446,13.149,86.851
316,2021-09-13,5667,918,16.199,83.801
317,2021-09-14,6099,965,15.822,84.178
318,2021-09-15,6171,1034,16.756,83.244
319,2021-09-16,6194,1037,16.742,83.258
320,2021-09-17,5703,827,14.501,85.499
321,2021-09-18,3463,450,12.995,87.005
322,2021-09-19,3334,484,14.517,85.483
323,2021-09-20,5630,826,14.671,85.32900000000001
324,2021-09-21,5883,909,15.451,84.549
325,2021-09-22,6349,970,15.278,84.722
326,2021-09-23,6426,997,15.515,84.485
327,2021-09-24,5735,911,15.885,84.115
328,2021-09-25,3491,437,12.518,87.482
329,2021-09-26,3536,482,13.631,86.369
330,2021-09-27,5799,978,16.865,83.135
331,2021-09-28,6131,954,15.56,84.44
332,2021-09-29,5966,893,14.968,85.032
333,2021-09-30,6102,934,15.306,84.694
334,2021-10-01,5191,804,15.488,84.512
335,2021-10-02,3175,426,13.417,86.583
336,2021-10-03,3456,467,13.513,86.487
337,2021-10-04,5394,847,15.703,84.297
338,2021-10-05,5990,944,15.76,84.24
339,2021-10-06,6153,911,14.806,85.194
340,2021-10-07,5991,877,14.639,85.361
341,2021-10-08,5337,815,15.271,84.729
342,2021-10-09,3237,429,13.253,86.747
343,2021-10-10,3251,449,13.811,86.189
344,2021-10-11,5509,887,16.101,83.899
345,2021-10-12,5768,861,14.927,85.07300000000001
346,2021-10-13,5971,868,14.537,85.463
347,2021-10-14,5880,884,15.034,84.966
348,2021-10-15,5173,785,15.175,84.825
349,2021-10-16,3314,465,14.031,85.969
350,2021-10-17,3549,468,13.187,86.813
351,2021-10-18,5561,890,16.004,83.996
352,2021-10-19,5829,857,14.702,85.298
353,2021-10-20,6195,1007,16.255,83.745
354,2021-10-21,6286,967,15.383,84.617
355,2021-10-22,5538,901,16.269,83.731
356,2021-10-23,3458,496,14.344,85.656
357,2021-10-24,3429,501,14.611,85.389
358,2021-10-25,5649,906,16.038,83.962
359,2021-10-26,6027,948,15.729,84.271
360,2021-10-27,6280,1012,16.115,83.885
361,2021-10-28,6255,987,15.779,84.221
362,2021-10-29,5373,881,16.397,83.60300000000001
363,2021-10-30,2763,383,13.862,86.138
364,2021-10-31,3325,482,14.496,85.504
365,2021-11-01,5044,860,17.05,82.95
366,2021-11-02,5716,933,16.323,83.67699999999999
367,2021-11-03,5935,962,16.209,83.791
368,2021-11-04,5747,911,15.852,84.148
369,2021-11-05,5256,802,15.259,84.741
370,2021-11-06,3176,499,15.712,84.288
371,2021-11-07,3379,458,13.554,86.446
372,2021-11-08,5544,924,16.667,83.333
373,2021-11-09,6100,1030,16.885,83.115
374,2021-11-10,6045,1027,16.989,83.011
375,2021-11-11,5963,1035,17.357,82.643
376,2021-11-12,5629,907,16.113,83.887
377,2021-11-13,3464,524,15.127,84.873
378,2021-11-14,3497,508,14.527,85.473
379,2021-11-15,5679,926,16.306,83.694
380,2021-11-16,6061,1032,17.027,82.973
381,2021-11-17,6257,1053,16.829,83.17099999999999
382,2021-11-18,5908,966,16.351,83.649
383,2021-11-19,5564,926,16.643,83.357
384,2021-11-20,3356,537,16.001,83.999
385,2021-11-21,3423,535,15.63,84.37
386,2021-11-22,5678,932,16.414,83.586
387,2021-11-23,6128,1041,16.988,83.012
388,2021-11-24,6014,973,16.179,83.821
389,2021-11-25,5501,884,16.07,83.93
390,2021-11-26,4988,754,15.116,84.884
391,2021-11-27,3255,463,14.224,85.776
392,2021-11-28,3566,536,15.031,84.969
393,2021-11-29,5634,913,16.205,83.795
394,2021-11-30,5902,1015,17.198,82.80199999999999
395,2021-12-01,5914,990,16.74,83.26
396,2021-12-02,5879,979,16.652,83.348
397,2021-12-03,5552,861,15.508,84.492
398,2021-12-04,3318,479,14.436,85.564
399,2021-12-05,3487,544,15.601,84.399
400,2021-12-06,5432,902,16.605,83.395
401,2021-12-07,5965,993,16.647,83.35300000000001
402,2021-12-08,5842,982,16.809,83.191
403,2021-12-09,6013,1025,17.046,82.95400000000001
404,2021-12-10,5267,841,15.967,84.033
405,2021-12-11,3313,516,15.575,84.425
406,2021-12-12,3416,538,15.749,84.251
407,2021-12-13,5511,932,16.912,83.088
408,2021-12-14,5807,971,16.721,83.279
409,2021-12-15,6063,1045,17.236,82.764
410,2021-12-16,5748,942,16.388,83.612
411,2021-12-17,5280,840,15.909,84.091
412,2021-12-18,3171,486,15.326,84.674
413,2021-12-19,3236,478,14.771,85.229
414,2021-12-20,5228,809,15.474,84.526
415,2021-12-21,5518,906,16.419,83.581
416,2021-12-22,5548,812,14.636,85.364
417,2021-12-23,4854,727,14.977,85.023
418,2021-12-24,3403,522,15.339,84.661
419,2021-12-25,2427,354,14.586,85.414
420,2021-12-26,2766,411,14.859,85.141
421,2021-12-27,4316,681,15.778,84.222
422,2021-12-28,4973,766,15.403,84.597
423,2021-12-29,4913,759,15.449,84.551
424,2021-12-30,4563,664,14.552,85.44800000000001
425,2021-12-31,3309,496,14.989,85.011
426,2022-01-01,2476,344,13.893,86.107
427,2022-01-02,3114,458,14.708,85.292
428,2022-01-03,4827,749,15.517,84.483
429,2022-01-04,5540,859,15.505,84.495
430,2022-01-05,5861,980,16.721,83.279
431,2022-01-06,5653,854,15.107,84.893
432,2022-01-07,5215,878,16.836,83.164
433,2022-01-08,3545,520,14.669,85.331
434,2022-01-09,3666,553,15.085,84.91499999999999
435,2022-01-10,5465,864,15.81,84.19
436,2022-01-11,5825,1022,17.545,82.455
437,2022-01-12,6022,1010,16.772,83.22800000000001
438,2022-01-13,5809,1000,17.215,82.785
439,2022-01-14,5368,844,15.723,84.277
440,2022-01-15,3377,531,15.724,84.276
441,2022-01-16,3512,517,14.721,85.279
442,2022-01-17,5373,888,16.527,83.473
443,2022-01-18,5956,957,16.068,83.932
444,2022-01-19,6216,1026,16.506,83.494
445,2022-01-20,6224,994,15.97,84.03
446,2022-01-21,5699,941,16.512,83.488
447,2022-01-22,3612,585,16.196,83.804
448,2022-01-23,3758,539,14.343,85.657
449,2022-01-24,5700,972,17.053,82.947
450,2022-01-25,6113,978,15.999,84.001
451,2022-01-26,5784,971,16.788,83.212
452,2022-01-27,6368,968,15.201,84.799
453,2022-01-28,5693,896,15.739,84.261
454,2022-01-29,3637,478,13.143,86.857
455,2022-01-30,3572,528,14.782,85.218
456,2022-01-31,5716,961,16.812,83.188
457,2022-02-01,6095,962,15.783,84.217
458,2022-02-02,6207,1016,16.369,83.631
459,2022-02-03,6287,1016,16.16,83.84
460,2022-02-04,5745,910,15.84,84.16
461,2022-02-05,3618,532,14.704,85.29599999999999
462,2022-02-06,3590,537,14.958,85.042
463,2022-02-07,5985,991,16.558,83.44200000000001
464,2022-02-08,6095,1024,16.801,83.199
465,2022-02-09,6255,1012,16.179,83.821
466,2022-02-10,6218,1065,17.128,82.872
467,2022-02-11,5608,896,15.977,84.023
468,2022-02-12,3481,524,15.053,84.947
469,2022-02-13,3543,520,14.677,85.32300000000001
470,2022-02-14,5500,891,16.2,83.8
471,2022-02-15,6103,1024,16.779,83.221
472,2022-02-16,6472,1077,16.641,83.35900000000001
473,2022-02-17,6508,1059,16.272,83.72800000000001
474,2022-02-18,5614,912,16.245,83.755
475,2022-02-19,3516,542,15.415,84.58500000000001
476,2022-02-20,3767,560,14.866,85.134
477,2022-02-21,5817,933,16.039,83.961
478,2022-02-22,6174,1081,17.509,82.491
479,2022-02-23,6214,1046,16.833,83.167
480,2022-02-24,5548,997,17.97,82.03
481,2022-02-25,5230,864,16.52,83.48
482,2022-02-26,3211,495,15.416,84.584
483,2022-02-27,3242,528,16.286,83.714
484,2022-02-28,5131,927,18.067,81.93299999999999
485,2022-03-01,5394,970,17.983,82.017
486,2022-03-02,5887,1039,17.649,82.351
487,2022-03-03,5803,1019,17.56,82.44
488,2022-03-04,5370,900,16.76,83.24
489,2022-03-05,3395,543,15.994,84.006
490,2022-03-06,3410,580,17.009,82.991
491,2022-03-07,5228,970,18.554,81.446
492,2022-03-08,5637,988,17.527,82.473
493,2022-03-09,5770,1018,17.643,82.357
494,2022-03-10,5784,972,16.805,83.195
495,2022-03-11,5317,893,16.795,83.205
496,2022-03-12,2939,492,16.74,83.26
497,2022-03-13,3293,537,16.307,83.693
498,2022-03-14,5467,956,17.487,82.513
499,2022-03-15,5889,999,16.964,83.036
500,2022-03-16,6169,1079,17.491,82.509
501,2022-03-17,5962,1001,16.79,83.21000000000001
502,2022-03-18,5250,875,16.667,83.333
503,2022-03-19,3329,472,14.178,85.822
504,2022-03-20,3364,521,15.488,84.512
505,2022-03-21,5537,1021,18.44,81.56
506,2022-03-22,5873,987,16.806,83.194
507,2022-03-23,6136,1080,17.601,82.399
508,2022-03-24,6079,1044,17.174,82.826
509,2022-03-25,5338,877,16.429,83.571
510,2022-03-26,3188,481,15.088,84.912
511,2022-03-27,3281,555,16.916,83.084
512,2022-03-28,5620,924,16.441,83.559
513,2022-03-29,5952,1008,16.935,83.065
514,2022-03-30,6132,1076,17.547,82.453
515,2022-03-31,5998,1093,18.223,81.777
516,2022-04-01,5545,859,15.491,84.509
517,2022-04-02,3176,505,15.901,84.099
518,2022-04-03,3447,527,15.289,84.711
519,2022-04-04,5613,945,16.836,83.164
520,2022-04-05,5850,1074,18.359,81.64099999999999
521,2022-04-06,6010,1058,17.604,82.396
522,2022-04-07,6089,1057,17.359,82.64099999999999
523,2022-04-08,5542,979,17.665,82.33500000000001
524,2022-04-09,3407,498,14.617,85.383
525,2022-04-10,3313,495,14.941,85.059
526,2022-04-11,5600,976,17.429,82.571
527,2022-04-12,5866,1030,17.559,82.441
528,2022-04-13,5774,971,16.817,83.18299999999999
529,2022-04-14,5353,878,16.402,83.598
530,2022-04-15,4519,669,14.804,85.196
531,2022-04-16,3255,558,17.143,82.857
532,2022-04-17,3123,508,16.266,83.73400000000001
533,2022-04-18,4600,787,17.109,82.89099999999999
534,2022-04-19,5620,1015,18.06,81.94
535,2022-04-20,5807,967,16.652,83.348
536,2022-04-21,5689,995,17.49,82.51
537,2022-04-22,5331,915,17.164,82.836
538,2022-04-23,3363,541,16.087,83.913
539,2022-04-24,3483,542,15.561,84.439
540,2022-04-25,5375,921,17.135,82.865
541,2022-04-26,5849,1038,17.747,82.253
542,2022-04-27,5724,959,16.754,83.246
543,2022-04-28,5875,1059,18.026,81.974
544,2022-04-29,5266,904,17.167,82.833
545,2022-04-30,3293,493,14.971,85.029
546,2022-05-01,3141,552,17.574,82.426
547,2022-05-02,4765,821,17.23,82.77
548,2022-05-03,5209,817,15.684,84.316
549,2022-05-04,5606,1050,18.73,81.27
550,2022-05-05,5572,992,17.803,82.197
551,2022-05-06,5262,914,17.37,82.63
552,2022-05-07,3259,464,14.237,85.763
553,2022-05-08,3297,502,15.226,84.774
554,2022-05-09,5302,930,17.541,82.459
555,2022-05-10,5891,1052,17.858,82.142
556,2022-05-11,5715,995,17.41,82.59
557,2022-05-12,5722,1001,17.494,82.506
558,2022-05-13,5153,883,17.136,82.864
559,2022-05-14,3167,464,14.651,85.349
560,2022-05-15,3366,532,15.805,84.195
561,2022-05-16,5309,909,17.122,82.878
562,2022-05-17,5893,1074,18.225,81.775
563,2022-05-18,6024,1061,17.613,82.387
564,2022-05-19,5775,999,17.299,82.701
565,2022-05-20,5430,988,18.195,81.805
566,2022-05-21,3050,464,15.213,84.787
567,2022-05-22,3064,482,15.731,84.269
568,2022-05-23,5327,895,16.801,83.199
569,2022-05-24,5821,998,17.145,82.855
570,2022-05-25,5801,1008,17.376,82.624
571,2022-05-26,5426,971,17.895,82.105
572,2022-05-27,5097,846,16.598,83.402
573,2022-05-28,3119,504,16.159,83.84100000000001
574,2022-05-29,3114,541,17.373,82.627
575,2022-05-30,5177,925,17.867,82.133
576,2022-05-31,5574,970,17.402,82.598
577,2022-06-01,5400,961,17.796,82.20400000000001
578,2022-06-02,5436,940,17.292,82.708
579,2022-06-03,4935,827,16.758,83.242
580,2022-06-04,2902,487,16.782,83.218
581,2022-06-05,3103,435,14.019,85.981
582,2022-06-06,4859,823,16.938,83.062
583,2022-06-07,5493,970,17.659,82.34100000000001
584,2022-06-08,5743,979,17.047,82.953
585,2022-06-09,5568,1058,19.001,80.999
586,2022-06-10,5041,804,15.949,84.051
587,2022-06-11,3038,421,13.858,86.142
588,2022-06-12,3100,501,16.161,83.839
589,2022-06-13,5281,930,17.61,82.39
590,2022-06-14,5725,983,17.17,82.83
591,2022-06-15,5693,1018,17.882,82.118
592,2022-06-16,5503,1049,19.062,80.938
593,2022-06-17,4844,873,18.022,81.97800000000001
594,2022-06-18,2943,445,15.121,84.879
595,2022-06-19,2943,527,17.907,82.093
596,2022-06-20,4994,891,17.841,82.15899999999999
597,2022-06-21,5520,1010,18.297,81.703
598,2022-06-22,5664,956,16.879,83.121
599,2022-06-23,5744,980,17.061,82.939
600,2022-06-24,4854,906,18.665,81.33500000000001
601,2022-06-25,2908,469,16.128,83.872
602,2022-06-26,2909,465,15.985,84.015
603,2022-06-27,5253,941,17.914,82.086
604,2022-06-28,5684,1021,17.963,82.037
605,2022-06-29,5713,1006,17.609,82.39099999999999
606,2022-06-30,5491,944,17.192,82.80799999999999
607,2022-07-01,4833,811,16.78,83.22
608,2022-07-02,2842,454,15.975,84.025
609,2022-07-03,2840,486,17.113,82.887
610,2022-07-04,4681,795,16.984,83.01599999999999
611,2022-07-05,5367,923,17.198,82.80199999999999
612,2022-07-06,5680,949,16.708,83.292
613,2022-07-07,5675,954,16.811,83.189
614,2022-07-08,4965,844,16.999,83.001
615,2022-07-09,2842,449,15.799,84.201
616,2022-07-10,2810,419,14.911,85.089
617,2022-07-11,5136,879,17.114,82.886
618,2022-07-12,5387,936,17.375,82.625
619,2022-07-13,5602,967,17.262,82.738
620,2022-07-14,5441,950,17.46,82.53999999999999
621,2022-07-15,4949,862,17.418,82.582
622,2022-07-16,2942,424,14.412,85.588
623,2022-07-17,2940,489,16.633,83.367
624,2022-07-18,5325,962,18.066,81.934
625,2022-07-19,5759,988,17.156,82.844
626,2022-07-20,5792,1033,17.835,82.16499999999999
627,2022-07-21,5666,978,17.261,82.739
628,2022-07-22,5266,865,16.426,83.574
629,2022-07-23,2882,458,15.892,84.108
630,2022-07-24,3048,481,15.781,84.219
631,2022-07-25,5247,942,17.953,82.047
632,2022-07-26,5611,932,16.61,83.39
633,2022-07-27,5825,1036,17.785,82.215
634,2022-07-28,5633,959,17.025,82.975
635,2022-07-29,4431,740,16.701,83.299
636,2022-07-30,3007,448,14.899,85.101
637,2022-07-31,3074,455,14.802,85.19800000000001
638,2022-08-01,4953,869,17.545,82.455
639,2022-08-02,5499,1007,18.312,81.688
640,2022-08-03,5355,951,17.759,82.241
641,2022-08-04,5577,981,17.59,82.41
642,2022-08-05,4982,835,16.76,83.24
643,2022-08-06,2956,469,15.866,84.134
644,2022-08-07,3016,453,15.02,84.98
645,2022-08-08,5266,941,17.869,82.131
646,2022-08-09,5539,927,16.736,83.264
647,2022-08-10,5759,927,16.097,83.90299999999999
648,2022-08-11,5473,939,17.157,82.843
649,2022-08-12,5055,784,15.509,84.491
650,2022-08-13,2785,436,15.655,84.345
651,2022-08-14,2735,453,16.563,83.437
652,2022-08-15,4517,768,17.002,82.998
653,2022-08-16,5545,927,16.718,83.282
654,2022-08-17,5529,930,16.82,83.18
655,2022-08-18,5560,967,17.392,82.608
656,2022-08-19,4751,798,16.796,83.20400000000001
657,2022-08-20,2766,428,15.474,84.526
658,2022-08-21,3127,463,14.807,85.193
659,2022-08-22,4937,887,17.966,82.03399999999999
660,2022-08-23,5416,905,16.71,83.28999999999999
661,2022-08-24,5572,970,17.408,82.592
662,2022-08-25,5369,901,16.782,83.218
663,2022-08-26,4826,840,17.406,82.594
664,2022-08-27,2927,465,15.887,84.113
665,2022-08-28,2935,485,16.525,83.475
666,2022-08-29,4770,814,17.065,82.935
667,2022-08-30,5240,839,16.011,83.989
668,2022-08-31,5097,888,17.422,82.578
669,2022-09-01,5092,809,15.888,84.112
670,2022-09-02,4546,751,16.52,83.48
671,2022-09-03,2610,374,14.33,85.67
672,2022-09-04,2753,401,14.566,85.434
673,2022-09-05,4490,687,15.301,84.699
674,2022-09-06,4901,837,17.078,82.922
675,2022-09-07,5179,866,16.721,83.279
676,2022-09-08,5035,879,17.458,82.542
677,2022-09-09,4843,796,16.436,83.564
678,2022-09-10,2737,418,15.272,84.728
679,2022-09-11,2765,407,14.72,85.28
680,2022-09-12,4734,754,15.927,84.07300000000001
681,2022-09-13,5220,782,14.981,85.019
682,2022-09-14,5286,825,15.607,84.393
683,2022-09-15,5452,870,15.957,84.043
684,2022-09-16,4836,775,16.026,83.974
685,2022-09-17,2919,397,13.601,86.399
686,2022-09-18,2844,417,14.662,85.338
687,2022-09-19,4835,783,16.194,83.806
688,2022-09-20,5042,835,16.561,83.439
689,2022-09-21,5090,916,17.996,82.004
690,2022-09-22,5243,903,17.223,82.777
691,2022-09-23,4555,851,18.683,81.31700000000001
692,2022-09-24,2759,461,16.709,83.291
693,2022-09-25,2729,466,17.076,82.924
694,2022-09-26,4734,856,18.082,81.918
695,2022-09-27,5222,916,17.541,82.459
696,2022-09-28,5354,914,17.071,82.929
697,2022-09-29,5232,938,17.928,82.072
698,2022-09-30,4614,822,17.815,82.185
699,2022-10-01,2804,443,15.799,84.201
700,2022-10-02,2802,428,15.275,84.725
701,2022-10-03,4506,791,17.554,82.446
702,2022-10-04,4851,854,17.605,82.395
703,2022-10-05,4875,886,18.174,81.826
704,2022-10-06,5232,919,17.565,82.435
705,2022-10-07,4701,819,17.422,82.578
706,2022-10-08,2886,462,16.008,83.992
707,2022-10-09,2924,519,17.75,82.25
708,2022-10-10,4850,898,18.515,81.485
709,2022-10-11,5096,917,17.995,82.005
710,2022-10-12,5304,918,17.308,82.69200000000001
711,2022-10-13,5205,905,17.387,82.613
712,2022-10-14,4875,884,18.133,81.867
713,2022-10-15,2968,468,15.768,84.232
714,2022-10-16,2868,536,18.689,81.311
715,2022-10-17,4929,879,17.833,82.167
716,2022-10-18,5388,939,17.428,82.572
717,2022-10-19,5608,977,17.422,82.578
718,2022-10-20,5421,961,17.727,82.273
719,2022-10-21,4755,823,17.308,82.69200000000001
720,2022-10-22,2925,453,15.487,84.513
721,2022-10-23,2828,422,14.922,85.078
722,2022-10-24,4691,845,18.013,81.987
723,2022-10-25,5130,932,18.168,81.832
724,2022-10-26,5454,965,17.693,82.307
725,2022-10-27,5235,868,16.581,83.419
726,2022-10-28,4674,826,17.672,82.328
727,2022-10-29,2752,472,17.151,82.849
728,2022-10-30,2942,509,17.301,82.699
729,2022-10-31,4771,853,17.879,82.121
730,2022-11-01,4738,832,17.56,82.44
731,2022-11-02,5196,967,18.61,81.39
732,2022-11-03,5189,951,18.327,81.673
733,2022-11-04,5113,879,17.191,82.809
734,2022-11-05,3052,521,17.071,82.929
735,2022-11-06,3117,538,17.26,82.74
736,2022-11-07,5198,976,18.776,81.224
737,2022-11-08,5546,1046,18.86,81.14
738,2022-11-09,5412,981,18.126,81.874
739,2022-11-10,5260,969,18.422,81.578
740,2022-11-11,4720,796,16.864,83.136
741,2022-11-12,3020,489,16.192,83.80799999999999
742,2022-11-13,3038,497,16.359,83.64099999999999
743,2022-11-14,5146,961,18.675,81.325
744,2022-11-15,5448,1019,18.704,81.29599999999999
745,2022-11-16,5635,1034,18.35,81.65
746,2022-11-17,5624,1037,18.439,81.561
747,2022-11-18,4828,918,19.014,80.986
748,2022-11-19,3039,543,17.868,82.132
749,2022-11-20,3091,510,16.5,83.5
750,2022-11-21,4938,938,18.996,81.004
751,2022-11-22,5306,972,18.319,81.681
752,2022-11-23,5296,970,18.316,81.684
753,2022-11-24,4978,885,17.778,82.22200000000001
754,2022-11-25,4343,757,17.43,82.57
755,2022-11-26,2758,468,16.969,83.031
756,2022-11-27,2945,501,17.012,82.988
757,2022-11-28,4912,881,17.936,82.064
758,2022-11-29,5042,915,18.148,81.852
759,2022-11-30,5170,928,17.95,82.05
760,2022-12-01,5175,1000,19.324,80.676
761,2022-12-02,5613,1790,31.89,68.11
762,2022-12-03,3501,1090,31.134,68.866
763,2022-12-04,3391,1082,31.908,68.092
764,2022-12-05,5807,1909,32.874,67.126
765,2022-12-06,6233,2047,32.841,67.15899999999999
766,2022-12-07,5956,1866,31.33,68.67
767,2022-12-08,5781,1832,31.69,68.31
768,2022-12-09,5089,1582,31.087,68.913
769,2022-12-10,3331,1007,30.231,69.769
770,2022-12-11,3443,1039,30.177,69.82300000000001
771,2022-12-12,5911,1905,32.228,67.77199999999999
772,2022-12-13,6084,1977,32.495,67.505
773,2022-12-14,5867,1829,31.174,68.826
774,2022-12-15,5815,1843,31.694,68.306
775,2022-12-16,5267,1679,31.878,68.122
776,2022-12-17,3142,895,28.485,71.515
777,2022-12-18,2796,818,29.256,70.744
778,2022-12-19,5273,1678,31.822,68.178
779,2022-12-20,5716,1882,32.925,67.075
780,2022-12-21,5742,1751,30.495,69.505
781,2022-12-22,5158,1585,30.729,69.271
782,2022-12-23,4354,1344,30.868,69.132
783,2022-12-24,2494,709,28.428,71.572
784,2022-12-25,2282,634,27.783,72.217
785,2022-12-26,3553,1100,30.96,69.03999999999999
786,2022-12-27,4503,1343,29.825,70.175
787,2022-12-28,4623,1348,29.159,70.84100000000001
788,2022-12-29,4787,1429,29.852,70.148
789,2022-12-30,4081,1182,28.963,71.037
790,2022-12-31,2414,656,27.175,72.825
791,2023-01-01,2218,600,27.051,72.949
792,2023-01-02,4175,1214,29.078,70.922
793,2023-01-03,4969,1478,29.744,70.256
794,2023-01-04,5579,1719,30.812,69.188
795,2023-01-05,5727,1828,31.919,68.081
796,2023-01-06,4869,1494,30.684,69.316
797,2023-01-07,3121,864,27.683,72.31700000000001
798,2023-01-08,3175,849,26.74,73.26
799,2023-01-09,5267,1710,32.466,67.53399999999999
800,2023-01-10,5701,1824,31.994,68.006
801,2023-01-11,5842,1835,31.41,68.59
802,2023-01-12,5971,1932,32.356,67.644
803,2023-01-13,5225,1704,32.612,67.388
804,2023-01-14,2877,817,28.398,71.602
805,2023-01-15,2934,906,30.879,69.121
806,2023-01-16,4994,1662,33.28,66.72
807,2023-01-17,5504,1785,32.431,67.569
808,2023-01-18,5936,1947,32.8,67.2
809,2023-01-19,5801,1913,32.977,67.023
810,2023-01-20,4777,1486,31.107,68.893
811,2023-01-21,3015,871,28.889,71.111
812,2023-01-22,3014,891,29.562,70.438
813,2023-01-23,5060,1664,32.885,67.11500000000001
814,2023-01-24,5437,1726,31.745,68.255
815,2023-01-25,5511,1792,32.517,67.483
816,2023-01-26,5193,1651,31.793,68.207
817,2023-01-27,5162,1628,31.538,68.462
818,2023-01-28,2953,901,30.511,69.489
819,2023-01-29,3144,928,29.517,70.483
820,2023-01-30,5415,1802,33.278,66.72200000000001
821,2023-01-31,5769,1856,32.172,67.828
822,2023-02-01,5819,1994,34.267,65.733
823,2023-02-02,5659,1844,32.585,67.41499999999999
824,2023-02-03,5172,1661,32.115,67.88499999999999
825,2023-02-04,2998,854,28.486,71.514
826,2023-02-05,2978,925,31.061,68.939
827,2023-02-06,5166,1754,33.953,66.047
828,2023-02-07,5654,1908,33.746,66.25399999999999
829,2023-02-08,5747,1969,34.261,65.739
830,2023-02-09,5793,2060,35.56,64.44
831,2023-02-10,5088,1732,34.041,65.959
832,2023-02-11,2875,897,31.2,68.8
833,2023-02-12,2835,875,30.864,69.136
834,2023-02-13,5038,1695,33.644,66.356
835,2023-02-14,5283,1802,34.109,65.89099999999999
836,2023-02-15,5399,1840,34.08,65.92
837,2023-02-16,5554,1849,33.291,66.709
838,2023-02-17,4935,1650,33.435,66.565
839,2023-02-18,2759,844,30.591,69.40899999999999
840,2023-02-19,2966,942,31.76,68.24
841,2023-02-20,4862,1636,33.649,66.351
842,2023-02-21,5229,1770,33.85,66.15
843,2023-02-22,5562,1930,34.7,65.3
844,2023-02-23,5360,1793,33.451,66.549
845,2023-02-24,4818,1650,34.247,65.753
846,2023-02-25,2906,946,32.553,67.447
847,2023-02-26,2724,848,31.131,68.869
848,2023-02-27,4972,1672,33.628,66.372
849,2023-02-28,5140,1754,34.125,65.875
850,2023-03-01,5270,1760,33.397,66.60300000000001
851,2023-03-02,5264,1817,34.517,65.483
852,2023-03-03,4720,1534,32.5,67.5
853,2023-03-04,2750,823,29.927,70.07300000000001
854,2023-03-05,2767,853,30.828,69.172
855,2023-03-06,4672,1555,33.283,66.717
856,2023-03-07,5163,1702,32.965,67.035
857,2023-03-08,4785,1626,33.981,66.019
858,2023-03-09,5332,1773,33.252,66.74799999999999
859,2023-03-10,4723,1602,33.919,66.081
860,2023-03-11,2625,849,32.343,67.657
861,2023-03-12,2829,902,31.884,68.116
862,2023-03-13,4708,1592,33.815,66.185
863,2023-03-14,4951,1670,33.731,66.269
864,2023-03-15,5216,1792,34.356,65.644
865,2023-03-16,5077,1704,33.563,66.437
866,2023-03-17,4483,1440,32.121,67.87899999999999
867,2023-03-18,2590,776,29.961,70.039
868,2023-03-19,2580,850,32.946,67.054
869,2023-03-20,4628,1605,34.68,65.32
870,2023-03-21,4753,1633,34.357,65.643
871,2023-03-22,4840,1765,36.467,63.533
872,2023-03-23,4813,1789,37.17,62.83
873,2023-03-24,4332,1505,34.741,65.259
874,2023-03-25,2499,849,33.974,66.02600000000001
875,2023-03-26,2547,901,35.375,64.625
876,2023-03-27,4475,1590,35.531,64.469
877,2023-03-28,4771,1684,35.297,64.703
878,2023-03-29,4885,1883,38.547,61.453
879,2023-03-30,4743,1679,35.4,64.6
880,2023-03-31,4296,1561,36.336,63.664
881,2023-04-01,2489,862,34.632,65.368
882,2023-04-02,2349,781,33.248,66.75200000000001
883,2023-04-03,4029,1463,36.312,63.688
884,2023-04-04,4518,1636,36.211,63.789
885,2023-04-05,4514,1587,35.157,64.843
886,2023-04-06,4309,1544,35.832,64.168
887,2023-04-07,3377,1135,33.61,66.39
888,2023-04-08,2259,772,34.174,65.826
889,2023-04-09,2182,719,32.951,67.049
890,2023-04-10,3420,1248,36.491,63.509
891,2023-04-11,4182,1602,38.307,61.693
892,2023-04-12,4319,1590,36.814,63.186
893,2023-04-13,4411,1591,36.069,63.931
894,2023-04-14,4033,1438,35.656,64.344
895,2023-04-15,2331,831,35.65,64.35
896,2023-04-16,2268,749,33.025,66.975
897,2023-04-17,3954,1450,36.672,63.328
898,2023-04-18,4187,1524,36.398,63.602
899,2023-04-19,4345,1652,38.021,61.979
900,2023-04-20,4042,1531,37.877,62.123
901,2023-04-21,3679,1296,35.227,64.773
902,2023-04-22,2112,759,35.938,64.062
903,2023-04-23,2202,780,35.422,64.578
904,2023-04-24,4018,1463,36.411,63.589
905,2023-04-25,4090,1535,37.531,62.469
906,2023-04-26,4142,1500,36.214,63.786
907,2023-04-27,4184,1500,35.851,64.149
908,2023-04-28,3584,1296,36.161,63.839
909,2023-04-29,2020,660,32.673,67.327
910,2023-04-30,2101,633,30.129,69.871
911,2023-05-01,2931,993,33.879,66.12100000000001
912,2023-05-02,3837,1370,35.705,64.295
913,2023-05-03,4013,1453,36.207,63.793
914,2023-05-04,4120,1499,36.383,63.617
915,2023-05-05,3718,1369,36.821,63.179
916,2023-05-06,2147,731,34.048,65.952
917,2023-05-07,2116,749,35.397,64.60300000000001
918,2023-05-08,3601,1342,37.267,62.733
919,2023-05-09,3918,1430,36.498,63.502
920,2023-05-10,4146,1514,36.517,63.483
921,2023-05-11,3961,1463,36.935,63.065
922,2023-05-12,3648,1326,36.349,63.651
923,2023-05-13,1907,680,35.658,64.342
924,2023-05-14,2005,692,34.514,65.48599999999999
925,2023-05-15,3593,1325,36.877,63.123
926,2023-05-16,3982,1472,36.966,63.034
927,2023-05-17,4022,1472,36.599,63.401
928,2023-05-18,3630,1299,35.785,64.215
929,2023-05-19,3288,1256,38.2,61.8
930,2023-05-20,1920,674,35.104,64.896
931,2023-05-21,1897,620,32.683,67.31700000000001
932,2023-05-22,3569,1371,38.414,61.586
933,2023-05-23,3849,1397,36.295,63.705
934,2023-05-24,3874,1439,37.145,62.855
935,2023-05-25,3790,1527,40.29,59.71
936,2023-05-26,3490,1327,38.023,61.977
937,2023-05-27,1905,639,33.543,66.457
938,2023-05-28,1855,686,36.981,63.019
939,2023-05-29,2970,1121,37.744,62.256
940,2023-05-30,3633,1357,37.352,62.648
941,2023-05-31,3841,1416,36.865,63.135
942,2023-06-01,3706,1322,35.672,64.328
943,2023-06-02,3353,1278,38.115,61.885
944,2023-06-03,1805,692,38.338,61.662
945,2023-06-04,1922,722,37.565,62.435
946,2023-06-05,3660,1420,38.798,61.202
947,2023-06-06,3918,1511,38.566,61.434
948,2023-06-07,4077,1519,37.258,62.742
949,2023-06-08,3948,1514,38.349,61.651
950,2023-06-09,3612,1395,38.621,61.379
951,2023-06-10,2011,759,37.742,62.258
952,2023-06-11,1914,685,35.789,64.211
953,2023-06-12,3700,1422,38.432,61.568
954,2023-06-13,3853,1451,37.659,62.341
955,2023-06-14,4195,1678,40.0,60.0
956,2023-06-15,3718,1431,38.488,61.512
957,2023-06-16,3677,1462,39.761,60.239
958,2023-06-17,1954,653,33.419,66.581
959,2023-06-18,1981,779,39.324,60.676
960,2023-06-19,3585,1355,37.796,62.204
961,2023-06-20,3911,1521,38.89,61.11
962,2023-06-21,4015,1523,37.933,62.067
963,2023-06-22,3975,1437,36.151,63.849
964,2023-06-23,3528,1265,35.856,64.144
965,2023-06-24,1896,680,35.865,64.13499999999999
966,2023-06-25,1947,734,37.699,62.301
967,2023-06-26,3687,1386,37.592,62.408
968,2023-06-27,3838,1444,37.624,62.376
969,2023-06-28,3788,1455,38.411,61.589
970,2023-06-29,3613,1360,37.642,62.358
971,2023-06-30,3396,1227,36.131,63.869
972,2023-07-01,1844,644,34.924,65.076
973,2023-07-02,1834,643,35.06,64.94
974,2023-07-03,3363,1288,38.299,61.701
975,2023-07-04,3507,1330,37.924,62.076
976,2023-07-05,3849,1537,39.932,60.068
977,2023-07-06,3950,1527,38.658,61.342
978,2023-07-07,3463,1324,38.233,61.767
979,2023-07-08,2058,713,34.645,65.35499999999999
980,2023-07-09,1989,658,33.082,66.918
981,2023-07-10,3595,1419,39.471,60.529
982,2023-07-11,3846,1426,37.077,62.923
983,2023-07-12,3971,1508,37.975,62.025
984,2023-07-13,4005,1530,38.202,61.798
985,2023-07-14,3496,1291,36.928,63.072
986,2023-07-15,1941,701,36.115,63.885
987,2023-07-16,1994,729,36.56,63.44
988,2023-07-17,3569,1395,39.087,60.913
989,2023-07-18,3864,1479,38.276,61.724
990,2023-07-19,3970,1505,37.909,62.091
991,2023-07-20,3829,1415,36.955,63.045
992,2023-07-21,3323,1222,36.774,63.226
993,2023-07-22,1830,656,35.847,64.15299999999999
994,2023-07-23,1936,689,35.589,64.411
995,2023-07-24,3701,1406,37.99,62.01
996,2023-07-25,3853,1392,36.128,63.872
997,2023-07-26,3929,1441,36.676,63.324
998,2023-07-27,3722,1452,39.011,60.989
999,2023-07-28,3386,1241,36.651,63.349
1000,2023-07-29,1840,673,36.576,63.424
1001,2023-07-30,1831,620,33.861,66.13900000000001
1002,2023-07-31,3435,1259,36.652,63.348
1003,2023-08-01,3627,1351,37.248,62.752
1004,2023-08-02,3699,1460,39.47,60.53
1005,2023-08-03,3573,1353,37.867,62.133
1006,2023-08-04,3249,1218,37.488,62.512
1007,2023-08-05,1823,646,35.436,64.564
1008,2023-08-06,1826,683,37.404,62.596
1009,2023-08-07,3455,1337,38.698,61.302
1010,2023-08-08,3549,1350,38.039,61.961
1011,2023-08-09,3573,1351,37.811,62.189
1012,2023-08-10,3646,1364,37.411,62.589
1013,2023-08-11,3152,1161,36.834,63.166
1014,2023-08-12,1784,657,36.827,63.173
1015,2023-08-13,1730,596,34.451,65.549
1016,2023-08-14,3059,1155,37.757,62.243
1017,2023-08-15,3075,1141,37.106,62.894
1018,2023-08-16,3471,1288,37.107,62.893
1019,2023-08-17,3481,1221,35.076,64.924
1020,2023-08-18,3223,1196,37.108,62.892
1021,2023-08-19,1794,635,35.396,64.604
1022,2023-08-20,1739,588,33.813,66.187
1023,2023-08-21,3403,1312,38.554,61.446
1024,2023-08-22,3633,1417,39.004,60.996
1025,2023-08-23,3578,1399,39.1,60.9
1026,2023-08-24,3440,1292,37.558,62.442
1027,2023-08-25,3202,1231,38.445,61.555
1028,2023-08-26,1740,602,34.598,65.402
1029,2023-08-27,1696,609,35.908,64.092
1030,2023-08-28,3081,1194,38.754,61.246
1031,2023-08-29,3269,1205,36.861,63.139
1032,2023-08-30,3465,1345,38.817,61.183
1033,2023-08-31,3290,1247,37.903,62.097
1034,2023-09-01,2842,1021,35.925,64.075
1035,2023-09-02,1644,615,37.409,62.591
1036,2023-09-03,1686,568,33.689,66.311
1037,2023-09-04,2884,1076,37.309,62.691
1038,2023-09-05,3152,1209,38.357,61.643
1039,2023-09-06,3275,1256,38.351,61.649
1040,2023-09-07,3240,1256,38.765,61.235
1041,2023-09-08,2894,1075,37.146,62.854
1042,2023-09-09,1589,545,34.298,65.702
1043,2023-09-10,1565,587,37.508,62.492
1044,2023-09-11,3022,1122,37.128,62.872
1045,2023-09-12,3311,1299,39.233,60.767
1046,2023-09-13,3218,1228,38.16,61.84
1047,2023-09-14,3395,1307,38.498,61.502
1048,2023-09-15,3028,1136,37.517,62.483
1049,2023-09-16,1732,606,34.988,65.012
1050,2023-09-17,1582,588,37.168,62.832
1051,2023-09-18,3080,1134,36.818,63.182
1052,2023-09-19,3334,1235,37.043,62.957
1053,2023-09-20,3422,1361,39.772,60.228
1054,2023-09-21,3346,1285,38.404,61.596
1055,2023-09-22,3064,1198,39.099,60.901
1056,2023-09-23,1695,609,35.929,64.071
1057,2023-09-24,1609,556,34.556,65.444
1058,2023-09-25,3084,1149,37.257,62.743
1059,2023-09-26,3335,1285,38.531,61.469
1060,2023-09-27,3272,1271,38.845,61.155
1061,2023-09-28,3202,1273,39.756,60.244
1062,2023-09-29,2784,1094,39.296,60.704
1063,2023-09-30,1438,552,38.387,61.613
1064,2023-10-01,1631,578,35.438,64.562
1065,2023-10-02,2685,1060,39.479,60.521
1066,2023-10-03,3116,1179,37.837,62.163
1067,2023-10-04,3285,1255,38.204,61.796
1068,2023-10-05,3298,1310,39.721,60.279
1069,2023-10-06,2884,1162,40.291,59.709
1070,2023-10-07,1577,566,35.891,64.10900000000001
1071,2023-10-08,1578,596,37.769,62.231
1072,2023-10-09,2876,1159,40.299,59.701
1073,2023-10-10,3144,1290,41.031,58.969
1074,2023-10-11,3245,1255,38.675,61.325
1075,2023-10-12,3239,1329,41.031,58.969
1076,2023-10-13,2903,1176,40.51,59.49
1077,2023-10-14,1545,582,37.67,62.33
1078,2023-10-15,1599,619,38.712,61.288
1079,2023-10-16,2886,1174,40.679,59.321
1080,2023-10-17,3223,1362,42.259,57.741
1081,2023-10-18,3251,1307,40.203,59.797
1082,2023-10-19,3158,1309,41.45,58.55
1083,2023-10-20,2861,1105,38.623,61.377
1084,2023-10-21,1616,622,38.49,61.51
1085,2023-10-22,1605,629,39.19,60.81
1086,2023-10-23,2944,1193,40.523,59.477
1087,2023-10-24,3047,1209,39.678,60.322
1088,2023-10-25,3286,1313,39.957,60.043
1089,2023-10-26,3157,1304,41.305,58.695
1090,2023-10-27,2911,1171,40.227,59.773
1091,2023-10-28,1614,581,35.998,64.00200000000001
1092,2023-10-29,1658,583,35.163,64.837
1093,2023-10-30,2935,1245,42.419,57.581
1094,2023-10-31,3102,1232,39.716,60.284
1095,2023-11-01,2899,1188,40.98,59.02
1096,2023-11-02,3438,1620,47.12,52.88
1097,2023-11-03,3190,1439,45.11,54.89
1098,2023-11-04,1845,819,44.39,55.61
1099,2023-11-05,1803,861,47.754,52.246
1100,2023-11-06,3236,1481,45.766,54.234
1101,2023-11-07,3385,1579,46.647,53.353
1102,2023-11-08,3594,1637,45.548,54.452
1103,2023-11-09,3502,1714,48.943,51.057
1104,2023-11-10,2960,1377,46.52,53.48
1105,2023-11-11,1781,753,42.28,57.72
1106,2023-11-12,1693,761,44.95,55.05
1107,2023-11-13,2933,1349,45.994,54.006
1108,2023-11-14,3340,1502,44.97,55.03
1109,2023-11-15,3316,1506,45.416,54.584
1110,2023-11-16,3402,1545,45.414,54.586
1111,2023-11-17,3029,1451,47.904,52.096
1112,2023-11-18,1857,800,43.08,56.92
1113,2023-11-19,1714,767,44.749,55.251
1114,2023-11-20,3183,1522,47.817,52.183
1115,2023-11-21,3348,1579,47.162,52.838
1116,2023-11-22,3424,1620,47.313,52.687
1117,2023-11-23,3175,1564,49.26,50.74
1118,2023-11-24,3091,1579,51.084,48.916
1119,2023-11-25,1927,957,49.663,50.337
1120,2023-11-26,2022,1044,51.632,48.368
1121,2023-11-27,3527,1877,53.218,46.782
1122,2023-11-28,3797,2028,53.411,46.589
1123,2023-11-29,3874,2121,54.75,45.25
